id,parameter,best,nominal,worst,units,basis,source,uncertainty_direction,notes
EST-MASS-001,Flight controller mass,5.5,5.5,6.5,g,confirmed,Holybro Kakute H7 Mini v1.5 official specification,high_increases_risk,Weigh delivered board with installed grommets
EST-MASS-002,4-in-1 ESC mass,6.4,6.4,8.0,g,confirmed,Flywoo GOKU G45M manufacturer specification,high_increases_risk,Weigh on receipt with softmounts and capacitor
EST-MASS-003,Four motor mass,15.2,15.2,16.5,g,bench_required,Happymodel EX1103 11000KV catalog mass,high_increases_risk,Weigh all four delivered motors with final lead length
EST-MASS-004,Propeller flight-set mass,3.0,3.5,4.5,g,confirmed,Gemfan Hurricane 2023-3 official 0.88 g each,high_increases_risk,Weigh balanced flight set
EST-MASS-005,Flight battery mass,28.0,29.0,31.0,g,bench_required,GNB GNB5502S100AHV reseller specification,high_increases_risk,Weigh each pack and record capacity/sag test
EST-MASS-006,Control-link receiver mass,0.46,0.46,1.0,g,confirmed,BetaFPV ELRS Lite Flat Antenna V1.2 official specification,high_increases_risk,Weigh with final leads
EST-MASS-007,Buzzer and status LED mass,3.0,3.3,4.5,g,inferred,VIFLY Finder Mini 2.7 g plus WS2812 and wire allowance,high_increases_risk,Weigh completed status harness
EST-MASS-008,Vision processor and camera mass,19.8,19.8,21.0,g,confirmed,Arduino Nicla Vision ABX00051 official store rounded weight,high_increases_risk,Weigh board with mounted headers and cable
EST-MASS-009,Optical flow and lidar mass,4.5,4.5,5.0,g,confirmed,MicoAir MTF-01 manufacturer specification,high_increases_risk,Weigh with cable
EST-MASS-010,External vision logging mass,0,0,0,g,removed,Nicla has no microSD socket,high_increases_risk,Stage 1 numeric events go to the flight controller over MAVLink; external SPI storage deferred
EST-MASS-011,Wiring and connectors mass,3.0,5.5,8.0,g,assumed,Engineering allowance,high_increases_risk,Weigh completed harness
EST-MASS-012,Frame guards mounts and fasteners mass,35.0,42.5,50.0,g,assumed,Replace with CAD mass model,high_increases_risk,Update after complete assembly mass properties
EST-REC-001,Drag coefficient,0.8,1.0,1.3,dimensionless,estimated,Bluff-body planning range,low_increases_recovery_height,Use no-drag case as analytical conservative bound
EST-REC-002,Projected area,0.008,0.012,0.016,m2,estimated,Guarded 125-140 mm envelope,low_increases_recovery_height,Orientation dependent
EST-REC-003,Detection latency,0.020,0.050,0.100,s,estimated,Planning assumption,high_increases_recovery_height,Replace with synchronized logs
EST-REC-004,Motor start latency,0.030,0.060,0.120,s,estimated,Planning assumption,high_increases_recovery_height,Replace with RPM or current measurement
EST-REC-005,Initial angular rate,2.0,5.0,8.0,rad_per_s,estimated,Controlled-release planning range,high_increases_recovery_height,Must remain inside verified gyro envelope
EST-REC-006,Body-axis inertia,0.00020,0.00035,0.00055,kg_m2,estimated,Placeholder before CAD mass properties,high_increases_recovery_height,Replace with CAD and pendulum result
EST-REC-007,Available control torque,0.0025,0.0040,0.0060,N_m,estimated,Placeholder before propulsion bench data,low_increases_recovery_height,Replace with measured thrust and arm length
EST-REC-008,Total available thrust,3.5,4.2,5.0,N,estimated,Placeholder before propulsion bench data,low_increases_recovery_height,Replace with measured thrust curve
EST-GUARD-001,Radial guard stiffness,500,900,1400,N_per_m,estimated,Placeholder before unit-load analysis,low_increases_deflection,Replace with FEA and load test
EST-GUARD-002,Stress coefficient,150000,225000,300000,Pa_per_N,estimated,Placeholder before unit-load analysis,high_increases_stress,Replace with linear FEA
EST-GUARD-003,Repeated-event impact energy,0.02,0.05,0.10,J,estimated,Initial functional-event envelope,high_increases_deflection,Replace with trajectory measurements
EST-GEOM-001,CG height as fraction of stack height,0.35,0.50,0.65,dimensionless,estimated,No CAD mass model exists (EST-MASS-012; DR-CAD-05 deferred); symmetric split assumed as nominal; bracket reflects bottom-mounted battery vs top-heavy avionics skew,high_increases_risk,Replace with CAD mass model (DR-CAD-05) once vehicle work is promoted
