id,platform,parameter,value,unit,state,source,locator,notes
CF-001,cf21plus,takeoff_mass,29,g,MANUFACTURER_SPECIFICATION,https://www.bitcraze.io/products/crazyflie-2-1-plus/,Specifications,Not measured by this project
CF-002,cf21plus,size_w_h_d,92 x 92 x 29,mm,MANUFACTURER_SPECIFICATION,https://www.bitcraze.io/products/crazyflie-2-1-plus/,Specifications,Motor-to-motor and including motor mount feet
CF-003,cf21plus,max_payload,15,g,MANUFACTURER_SPECIFICATION,https://www.bitcraze.io/products/crazyflie-2-1-plus/,Specifications,
CF-004,cf21plus,flight_time_stock_battery,7,min,MANUFACTURER_SPECIFICATION,https://www.bitcraze.io/products/crazyflie-2-1-plus/,Specifications,
CF-005,cf21plus,main_mcu,STM32F405 (Cortex-M4 168 MHz),,MANUFACTURER_SPECIFICATION,https://www.bitcraze.io/products/crazyflie-2-1-plus/,Specifications,
CF-006,cf21plus,radio_power_mcu,nRF51822,,MANUFACTURER_SPECIFICATION,https://www.bitcraze.io/products/crazyflie-2-1-plus/,Specifications,
CF-007,cf21plus,imu,BMI088,,MANUFACTURER_SPECIFICATION,https://www.bitcraze.io/products/crazyflie-2-1-plus/,Specifications,
CF-008,cf21plus,barometer,BMP388,,MANUFACTURER_SPECIFICATION,https://www.bitcraze.io/products/crazyflie-2-1-plus/,Specifications,
CF-009,cf21plus,change_from_cf21,upgraded battery and propellers,,MANUFACTURER_SPECIFICATION,https://www.bitcraze.io/products/crazyflie-2-1-plus/,Product description,Bitcraze states up to 15% improved flight performance; part numbers not listed
CF-010,cf21,takeoff_mass_stock,27,g,PUBLISHED_VALUE,https://arxiv.org/abs/2603.09908,Platform section,NanoBench paper
CF-011,cf21_nanobench,flying_mass_instrumented,40.85,g,PUBLISHED_MEASUREMENT,https://github.com/syediu/nanobench-iros2026/blob/934a1ab92c458cad99c9278a5cb63bf68af6e56c/README.md,README Overview,Stock airframe plus retroreflective markers and the wireless-charging deck; use this mass for NanoBench validation
CF-012,cf21_nanobench,battery,250 mAh single-cell LiPo,,PUBLISHED_VALUE,https://arxiv.org/abs/2603.09908,Platform section,
CF-013,cf21_nanobench,motors,7 x 16 mm coreless DC,,PUBLISHED_VALUE,https://arxiv.org/abs/2603.09908,Platform section,
CF-014,cf21_nanobench,propeller_diameter,46,mm,PUBLISHED_VALUE,https://arxiv.org/abs/2603.09908,Platform section,Paper describes four-blade propellers; confirm blade count before use
CF-015,cf21_nanobench,combined_peak_thrust_at_4v2,0.6,N,PUBLISHED_VALUE,https://arxiv.org/abs/2603.09908,Platform section,Paper says approximately; thrust-to-weight roughly 2.2 at 27 g
CF-016,cf2x_model,mass,0.027,kg,LITERATURE_MODEL,https://github.com/utiasDSL/gym-pybullet-drones/blob/7ebad1ecabd2/gym_pybullet_drones/assets/cf2x.urdf,cf2x.urdf properties and inertial,Starting value for the simulation only
CF-017,cf2x_model,arm,0.0397,m,LITERATURE_MODEL,https://github.com/utiasDSL/gym-pybullet-drones/blob/7ebad1ecabd2/gym_pybullet_drones/assets/cf2x.urdf,cf2x.urdf properties,
CF-018,cf2x_model,kf,3.16e-10,N per rpm^2,LITERATURE_MODEL,https://github.com/utiasDSL/gym-pybullet-drones/blob/7ebad1ecabd2/gym_pybullet_drones/assets/cf2x.urdf,cf2x.urdf properties,Rotor speed in revolutions per minute as used by gym-pybullet-drones
CF-019,cf2x_model,km,7.94e-12,N m per rpm^2,LITERATURE_MODEL,https://github.com/utiasDSL/gym-pybullet-drones/blob/7ebad1ecabd2/gym_pybullet_drones/assets/cf2x.urdf,cf2x.urdf properties,
CF-020,cf2x_model,ixx,1.4e-5,kg m^2,LITERATURE_MODEL,https://github.com/utiasDSL/gym-pybullet-drones/blob/7ebad1ecabd2/gym_pybullet_drones/assets/cf2x.urdf,cf2x.urdf inertial,
CF-021,cf2x_model,iyy,1.4e-5,kg m^2,LITERATURE_MODEL,https://github.com/utiasDSL/gym-pybullet-drones/blob/7ebad1ecabd2/gym_pybullet_drones/assets/cf2x.urdf,cf2x.urdf inertial,
CF-022,cf2x_model,izz,2.17e-5,kg m^2,LITERATURE_MODEL,https://github.com/utiasDSL/gym-pybullet-drones/blob/7ebad1ecabd2/gym_pybullet_drones/assets/cf2x.urdf,cf2x.urdf inertial,
CF-023,cf2x_model,thrust_to_weight,2.25,,LITERATURE_MODEL,https://github.com/utiasDSL/gym-pybullet-drones/blob/7ebad1ecabd2/gym_pybullet_drones/assets/cf2x.urdf,cf2x.urdf properties,
CF-024,cf2x_model,prop_radius,0.0231348,m,LITERATURE_MODEL,https://github.com/utiasDSL/gym-pybullet-drones/blob/7ebad1ecabd2/gym_pybullet_drones/assets/cf2x.urdf,cf2x.urdf properties,The file cites Förster 2015 (ETH research collection 20.500.11850/214143) and arXiv 1608.05786 as origins
CF-025,cf2x_bitcraze_2015,thrust_vs_rpm_fit,1.0942e-07*rpm^2 - 2.1059e-04*rpm + 1.5417e-01,g,PUBLISHED_VALUE,https://www.bitcraze.io/documentation/repository/crazyflie-firmware/master/functional-areas/pwm-to-thrust/,RPM to thrust,2015 bench with a power supply at 3.30-4.01 V; the page does not say whether thrust is per motor or total (OQ-019); historical fit only; do not select per-motor/total interpretation by whichever agrees with a desired result
CF-026,cf2x_bitcraze_2015,max_thrust_total,58,g,PUBLISHED_VALUE,https://www.bitcraze.io/documentation/repository/crazyflie-firmware/master/functional-areas/pwm-to-thrust/,Measurements,About 58 g at 93.75% PWM
CF-027,cf21plus_firmware,VMOTOR2THRUST0,-0.02476537915958403,N,FIRMWARE_DEFAULT,https://github.com/bitcraze/crazyflie-firmware/blob/f6e0f0a3b526861328caf3296a7ecf00bb915d39/src/platform/interface/platform_defaults_cf2.h,VMOTOR2THRUST0,Per-motor cubic in motor voltage; see register guide for command semantics and validity limits
CF-028,cf21plus_firmware,VMOTOR2THRUST1,0.06523793527519485,N/V^1,FIRMWARE_DEFAULT,https://github.com/bitcraze/crazyflie-firmware/blob/f6e0f0a3b526861328caf3296a7ecf00bb915d39/src/platform/interface/platform_defaults_cf2.h,VMOTOR2THRUST1,Per-motor cubic in motor voltage; see register guide for command semantics and validity limits
CF-029,cf21plus_firmware,VMOTOR2THRUST2,-0.026792504967750107,N/V^2,FIRMWARE_DEFAULT,https://github.com/bitcraze/crazyflie-firmware/blob/f6e0f0a3b526861328caf3296a7ecf00bb915d39/src/platform/interface/platform_defaults_cf2.h,VMOTOR2THRUST2,Per-motor cubic in motor voltage; see register guide for command semantics and validity limits
CF-030,cf21plus_firmware,VMOTOR2THRUST3,0.006776789303971145,N/V^3,FIRMWARE_DEFAULT,https://github.com/bitcraze/crazyflie-firmware/blob/f6e0f0a3b526861328caf3296a7ecf00bb915d39/src/platform/interface/platform_defaults_cf2.h,VMOTOR2THRUST3,Per-motor cubic in motor voltage; see register guide for command semantics and validity limits
CF-031,cf21plus_firmware,THRUST_MIN,0.012817578393224994,N,FIRMWARE_DEFAULT,https://github.com/bitcraze/crazyflie-firmware/blob/f6e0f0a3b526861328caf3296a7ecf00bb915d39/src/platform/interface/platform_defaults_cf2.h,THRUST_MIN,Firmware command/inversion limit; not a measured physical thrust limit
CF-032,cf21plus_firmware,THRUST_MAX,0.12,N,FIRMWARE_DEFAULT,https://github.com/bitcraze/crazyflie-firmware/blob/f6e0f0a3b526861328caf3296a7ecf00bb915d39/src/platform/interface/platform_defaults_cf2.h,THRUST_MAX,Firmware command/inversion limit; not a measured physical thrust limit
CF-033,cf21plus_firmware,THRUST2TORQUE,0.0069928948992470565,m,FIRMWARE_DEFAULT,https://github.com/bitcraze/crazyflie-firmware/blob/f6e0f0a3b526861328caf3296a7ecf00bb915d39/src/platform/interface/platform_defaults_cf2.h,THRUST2TORQUE,"Firmware torque/thrust ratio; published default, not identified on NanoBench"
CF-034,thrust_upgrade_firmware,VMOTOR2THRUST0,0.006728127583707208,N,FIRMWARE_DEFAULT,https://github.com/bitcraze/crazyflie-firmware/blob/f6e0f0a3b526861328caf3296a7ecf00bb915d39/src/platform/interface/platform_defaults_cf2.h,VMOTOR2THRUST0,Per-motor cubic in motor voltage; see register guide for command semantics and validity limits
CF-035,thrust_upgrade_firmware,VMOTOR2THRUST1,0.01011557616217668,N/V^1,FIRMWARE_DEFAULT,https://github.com/bitcraze/crazyflie-firmware/blob/f6e0f0a3b526861328caf3296a7ecf00bb915d39/src/platform/interface/platform_defaults_cf2.h,VMOTOR2THRUST1,Per-motor cubic in motor voltage; see register guide for command semantics and validity limits
CF-036,thrust_upgrade_firmware,VMOTOR2THRUST2,0.010263198062061085,N/V^2,FIRMWARE_DEFAULT,https://github.com/bitcraze/crazyflie-firmware/blob/f6e0f0a3b526861328caf3296a7ecf00bb915d39/src/platform/interface/platform_defaults_cf2.h,VMOTOR2THRUST2,Per-motor cubic in motor voltage; see register guide for command semantics and validity limits
CF-037,thrust_upgrade_firmware,VMOTOR2THRUST3,0.0028358638322392503,N/V^3,FIRMWARE_DEFAULT,https://github.com/bitcraze/crazyflie-firmware/blob/f6e0f0a3b526861328caf3296a7ecf00bb915d39/src/platform/interface/platform_defaults_cf2.h,VMOTOR2THRUST3,Per-motor cubic in motor voltage; see register guide for command semantics and validity limits
CF-038,thrust_upgrade_firmware,THRUST_MIN,0.01922636758983749,N,FIRMWARE_DEFAULT,https://github.com/bitcraze/crazyflie-firmware/blob/f6e0f0a3b526861328caf3296a7ecf00bb915d39/src/platform/interface/platform_defaults_cf2.h,THRUST_MIN,Firmware command/inversion limit; not a measured physical thrust limit
CF-039,thrust_upgrade_firmware,THRUST_MAX,0.18,N,FIRMWARE_DEFAULT,https://github.com/bitcraze/crazyflie-firmware/blob/f6e0f0a3b526861328caf3296a7ecf00bb915d39/src/platform/interface/platform_defaults_cf2.h,THRUST_MAX,Firmware command/inversion limit; not a measured physical thrust limit
CF-040,thrust_upgrade_firmware,THRUST2TORQUE,0.0051648627905205285,m,FIRMWARE_DEFAULT,https://github.com/bitcraze/crazyflie-firmware/blob/f6e0f0a3b526861328caf3296a7ecf00bb915d39/src/platform/interface/platform_defaults_cf2.h,THRUST2TORQUE,"Firmware torque/thrust ratio; published default, not identified on NanoBench"
CF-041,legacy_propellers_firmware,VMOTOR2THRUST0,-0.014830744918356092,N,FIRMWARE_DEFAULT,https://github.com/bitcraze/crazyflie-firmware/blob/f6e0f0a3b526861328caf3296a7ecf00bb915d39/src/platform/interface/platform_defaults_cf2.h,VMOTOR2THRUST0,Per-motor cubic in motor voltage; see register guide for command semantics and validity limits
CF-042,legacy_propellers_firmware,VMOTOR2THRUST1,0.04724465241828281,N/V^1,FIRMWARE_DEFAULT,https://github.com/bitcraze/crazyflie-firmware/blob/f6e0f0a3b526861328caf3296a7ecf00bb915d39/src/platform/interface/platform_defaults_cf2.h,VMOTOR2THRUST1,Per-motor cubic in motor voltage; see register guide for command semantics and validity limits
CF-043,legacy_propellers_firmware,VMOTOR2THRUST2,-0.01847364358025878,N/V^2,FIRMWARE_DEFAULT,https://github.com/bitcraze/crazyflie-firmware/blob/f6e0f0a3b526861328caf3296a7ecf00bb915d39/src/platform/interface/platform_defaults_cf2.h,VMOTOR2THRUST2,Per-motor cubic in motor voltage; see register guide for command semantics and validity limits
CF-044,legacy_propellers_firmware,VMOTOR2THRUST3,0.005960923942142,N/V^3,FIRMWARE_DEFAULT,https://github.com/bitcraze/crazyflie-firmware/blob/f6e0f0a3b526861328caf3296a7ecf00bb915d39/src/platform/interface/platform_defaults_cf2.h,VMOTOR2THRUST3,Per-motor cubic in motor voltage; see register guide for command semantics and validity limits
CF-045,legacy_propellers_firmware,THRUST_MIN,0.012817578393224994,N,FIRMWARE_DEFAULT,https://github.com/bitcraze/crazyflie-firmware/blob/f6e0f0a3b526861328caf3296a7ecf00bb915d39/src/platform/interface/platform_defaults_cf2.h,THRUST_MIN,Firmware command/inversion limit; not a measured physical thrust limit
CF-046,legacy_propellers_firmware,THRUST_MAX,0.12,N,FIRMWARE_DEFAULT,https://github.com/bitcraze/crazyflie-firmware/blob/f6e0f0a3b526861328caf3296a7ecf00bb915d39/src/platform/interface/platform_defaults_cf2.h,THRUST_MAX,Firmware command/inversion limit; not a measured physical thrust limit
CF-047,legacy_propellers_firmware,THRUST2TORQUE,0.007350862856566459,m,FIRMWARE_DEFAULT,https://github.com/bitcraze/crazyflie-firmware/blob/f6e0f0a3b526861328caf3296a7ecf00bb915d39/src/platform/interface/platform_defaults_cf2.h,THRUST2TORQUE,"Firmware torque/thrust ratio; published default, not identified on NanoBench"
CF-048,cf2_firmware,ARM_LENGTH,0.046,m,FIRMWARE_DEFAULT,https://github.com/bitcraze/crazyflie-firmware/blob/f6e0f0a3b526861328caf3296a7ecf00bb915d39/src/platform/interface/platform_defaults_cf2.h,ARM_LENGTH,Centre-to-motor arm; mixer uses arm/sqrt(2) for each roll/pitch lever
CF-049,cf2_firmware,CF_MASS_default,0.029,kg,FIRMWARE_DEFAULT,https://github.com/bitcraze/crazyflie-firmware/blob/f6e0f0a3b526861328caf3296a7ecf00bb915d39/src/platform/interface/platform_defaults_cf2.h,CF_MASS,Default firmware model mass when no override and no thrust-upgrade kit; not dataset mass
CF-050,thrust_upgrade_firmware,CF_MASS_default,0.0325,kg,FIRMWARE_DEFAULT,https://github.com/bitcraze/crazyflie-firmware/blob/f6e0f0a3b526861328caf3296a7ecf00bb915d39/src/platform/interface/platform_defaults_cf2.h,CF_MASS,Default firmware model mass when no override; confirm delivered configuration before physical use
