step,direction,time_s,precommand_voltage_v,bias_m,mae_m,rmse_m,status,reason
1,up,4.417500000000004,15.517895507812499,-0.2782010952383264,0.30239256070554105,0.49102475549836505,complete,
2,down,11.415,15.473583984374999,0.3050481913983831,0.3124221507430086,0.5022491072467381,complete,
3,up,18.42,15.446997070312499,-0.28628217946737977,0.30541473786085815,0.49376555825679375,complete,
4,down,25.42,15.4115478515625,0.3259404088929294,0.32640964012294993,0.5073689373534612,complete,
5,up,32.417500000000004,15.314062499999999,-0.2915633342042552,0.302271986480056,0.49587922578778504,complete,
6,down,39.417500000000004,15.358374023437499,0.3013261057436455,0.30736404356956365,0.5045822737461502,complete,
7,up,46.417500000000004,15.269750976562499,-0.27830153521150236,0.30324414773434294,0.4936853591008366,complete,
8,down,53.432500000000005,15.27861328125,0.3028543922677624,0.31198108113855005,0.5027050150911825,complete,
9,up,60.417500000000004,15.260888671875,-0.2893841341882936,0.30296633440554066,0.493154373940171,complete,
10,down,67.425,15.225439453124999,0.3050362480804351,0.3124769415661719,0.506657294931052,complete,
11,up,74.4175,15.163403320312499,-0.2819836800545446,0.30317420254051614,0.49279016890290456,complete,
12,down,81.4225,15.119091796874999,0.3096315219625843,0.3202978598877802,0.5129377582267062,complete,
13,up,88.42,15.048193359374999,-0.2940499924868352,0.30252118122279703,0.49418553167622764,complete,
14,down,95.41749999999999,15.0393310546875,0.29956123530865286,0.3078545582175313,0.5016677052730741,complete,
15,up,102.41749999999999,15.021606445312498,-0.27935631692410173,0.3053537250816886,0.49548944941962914,complete,
16,down,109.42250000000001,14.915258789062499,0.3029394639655892,0.3102308222934548,0.5071842066132723,complete,
17,up,116.41499999999999,14.853222656249999,-0.27888786412776023,0.3019647531539253,0.4924337031067134,complete,
18,down,123.41749999999999,14.92412109375,0.3038087222725226,0.3140053284734562,0.5092476529495935,complete,
19,up,130.4175,14.888671874999998,-0.2937966565787854,0.3061050446629585,0.49768933637709895,complete,
20,down,137.4225,14.888671874999998,0.303186788223679,0.3180400545641732,0.5079862141120273,complete,
21,up,144.4175,14.844360351562498,,,,incomplete,recording_ended
